{"cameraMode":{"drawMode":0,"name":"Shaded","section":"Shading Mode"},"sceneLighting":true,"audioPlay":false,"sceneViewState":{"m_AlwaysRefresh":false,"showFog":true,"showSkybox":true,"showFlares":true,"showImageEffects":true,"showParticleSystems":true,"showVisualEffectGraphs":true,"m_FxEnabled":true},"in2DMode":false,"pivot":{"x":-41.616119384765628,"y":1.7037277221679688,"z":-2.5055384635925295},"rotation":{"x":-0.38102203607559206,"y":-0.002228669822216034,"z":0.0009131167316809297,"w":-0.9245727062225342},"size":7.451104640960693,"orthographic":false}